{"cameraMode":{"drawMode":0,"name":"Shaded","section":"Shading Mode"},"sceneLighting":true,"audioPlay":false,"sceneViewState":{"m_AlwaysRefresh":false,"showFog":true,"showSkybox":true,"showFlares":true,"showImageEffects":true,"showParticleSystems":true,"showVisualEffectGraphs":true,"m_FxEnabled":true},"in2DMode":false,"pivot":{"x":0.36230602860450747,"y":0.15382882952690125,"z":-0.689784049987793},"rotation":{"x":-0.029994556680321695,"y":0.007496573030948639,"z":0.00022270345652941614,"w":0.9995279908180237},"size":772.8818969726563,"orthographic":false}