{"cameraMode":{"drawMode":0,"name":"Shaded","section":"Shading Mode"},"sceneLighting":true,"audioPlay":false,"sceneViewState":{"m_AlwaysRefresh":false,"showFog":true,"showSkybox":true,"showFlares":true,"showImageEffects":true,"showParticleSystems":true,"showVisualEffectGraphs":true,"m_FxEnabled":true},"in2DMode":false,"pivot":{"x":4.76837158203125e-7,"y":9.5367431640625e-7,"z":-0.1499996781349182},"rotation":{"x":-0.029994556680321695,"y":0.007496573030948639,"z":0.00022270345652941614,"w":0.9995279908180237},"size":1.3568861484527588,"orthographic":false}